prn_event_id	event_label	mechanism_call	event_subcategory	sample_count	country_count	year_min	year_max	insertion_subject_gap_bp	orientation	breakpoint_coordinate_basis	breakpoint_left	breakpoint_right	representative_tsd_direct_repeats	tsd_or_flank_sequence_status	supporting_read_count	supporting_validation_rows	tsd_supported_validation_rows	max_total_clipped_reads	validation_level	confidence_tier	priority_origin_ids	junction_interpretation
prn_evt_coding_disrupted_is481__is481__gap1043	is481:is481:gap1043	coding_disrupted_is481	IS481 insertion	370	8	2009	2025	1043	+	read_reference	1099682	1099688	ACTAGG	target_site_duplication_recovered	24	6	4	24	read_backed_supported	tier_1_read_backed_tsd_recovered	origin_0001;origin_0002;origin_0003;origin_0005;origin_0006;origin_0007;origin_0008;origin_0009;origin_0010	representative junction and TSD support; not every assembly resolves a finished junction
prn_evt_rearrangement__within_contig__cov58	rearrangement:within_contig:cov58	coding_disrupted_inversion_or_rearrangement	Inversion / rearrangement	109	4	2009	2020	0		read_reference	1099682	1099688	ACTAGG	target_site_duplication_recovered	12	2			read_backed_supported	tier_1_read_backed_tsd_recovered	origin_0002;origin_0004;origin_0008	representative junction and TSD support; not every assembly resolves a finished junction
prn_evt_rearrangement__within_contig__cov91	rearrangement:within_contig:cov91	coding_disrupted_inversion_or_rearrangement	Inversion / rearrangement	65	3	2010	2024	0		read_reference	1098329	1098335	GCTAGA	target_site_duplication_recovered	9	3			read_backed_supported	tier_1_read_backed_tsd_recovered	origin_0005	representative junction and TSD support; not every assembly resolves a finished junction
prn_evt_other_disruption__insertion_like__gap1042	other_disruption:insertion_like:gap1042	coding_disrupted_other	Other disruptions	10	2	2013	2022	1042	+	read_reference	1099682	1099688	ACTAGG	target_site_duplication_recovered	30	7	4	30	read_backed_supported	tier_1_read_backed_tsd_recovered		representative junction and TSD support; not every assembly resolves a finished junction
prn_evt_coding_disrupted_is481__is481__gap1042	is481:is481:gap1042	coding_disrupted_is481	IS481 insertion	7	1	2018	2019	1042	+	read_reference	1099688	1099808		read_interval_without_tsd	0	1			public_longread_or_hybrid_assembly	tier_2_public_longread_or_hybrid		event-class support without universal read-resolved junctions
prn_evt_other_disruption__insertion_like__gap1041	other_disruption:insertion_like:gap1041	coding_disrupted_other	Other disruptions	4	1	2018	2019	1041	+	read_reference	1096735	1097761	ACTAGG	target_site_duplication_recovered	12	4	2	12	read_backed_supported	tier_1_read_backed_tsd_recovered		representative junction and TSD support; not every assembly resolves a finished junction
prn_evt_coding_disrupted_is481__is481__gap1041	is481:is481:gap1041	coding_disrupted_is481	IS481 insertion	3	1	2012	2012	1041	-	example_assembly	1082127	1083167		assembly_coordinate_only					public_longread_or_hybrid_assembly	tier_2_public_longread_or_hybrid		event-class support without universal read-resolved junctions
prn_evt_other_disruption__insertion_like__gap1040	other_disruption:insertion_like:gap1040	coding_disrupted_other	Other disruptions	3	2	2015	2018	1040	+	read_reference	1099683	1099688	ACTAGG	target_site_duplication_recovered	8	2	1	8	read_backed_supported	tier_1_read_backed_tsd_recovered		representative junction and TSD support; not every assembly resolves a finished junction
prn_evt_coding_disrupted_is481__is481__gap1045	is481:is481:gap1045	coding_disrupted_is481	IS481 insertion	1	0			1045	-	example_assembly	77989	79033		assembly_coordinate_only					assembly_only	tier_3_assembly_or_rule_supported	origin_0005	event-class support without universal read-resolved junctions
prn_evt_coding_disrupted_is481__is481__gap54	is481:is481:gap54	coding_disrupted_is481	IS481 insertion	1	0			54	-	example_assembly	257	310		assembly_coordinate_only					assembly_only	tier_3_assembly_or_rule_supported	origin_0005	event-class support without universal read-resolved junctions
prn_evt_other_disruption__insertion_like__gap1044	other_disruption:insertion_like:gap1044	coding_disrupted_other	Other disruptions	1	1	2022	2022	1044	-	example_assembly	1416083	1417126		assembly_coordinate_only	0	0			read_validation_unresolved	tier_4_validation_unresolved		event-class support without universal read-resolved junctions
prn_evt_other_disruption__insertion_like__gap1045	other_disruption:insertion_like:gap1045	coding_disrupted_other	Other disruptions	1	1	2022	2022	1045	-	example_assembly	1416127	1417171		assembly_coordinate_only	0	0			read_validation_unresolved	tier_4_validation_unresolved		event-class support without universal read-resolved junctions
prn_evt_other_disruption__insertion_like__gap204	other_disruption:insertion_like:gap204	coding_disrupted_other	Other disruptions	1	0			204	-	example_assembly	17728	17931		assembly_coordinate_only					assembly_only	tier_3_assembly_or_rule_supported	origin_0005	event-class support without universal read-resolved junctions
prn_evt_rearrangement__within_contig__cov94	rearrangement:within_contig:cov94	coding_disrupted_inversion_or_rearrangement	Inversion / rearrangement	1	1	2011	2011	0		example_assembly				not_recovered_current_public_data					public_longread_or_hybrid_assembly	tier_2_public_longread_or_hybrid		event-class support without universal read-resolved junctions
