prn_event_id	event_subcategory	sample_count	country_count	year_min	year_max	insertion_subject_gap_bp	orientation	evidence_type	validation_level	breakpoint_coordinate_basis	breakpoint_left	breakpoint_right	tsd_or_flank_sequence_status	representative_tsd_direct_repeats	representative_left_flank_sequence	representative_right_flank_sequence	representative_inverted_repeat_signature	max_total_clipped_reads	tsd_supported_validation_rows	supporting_read_count	supporting_validation_rows	read_validation_statuses	longread_exemplar	supporting_read_or_public_longread	priority_origin_ids	validation_priority	notes
prn_evt_coding_disrupted_is481__is481__gap1043	IS481 insertion	370	8	2009	2025	1043	+	read_backed_targeted_validation	read_backed_supported	read_reference	1099682	1099688	target_site_duplication_recovered	ACTAGG	TGTGAAGAN	NCAGTTCACA	1 TGTGAA -- TTCACA -1	24	4	24	6	supported_candidate;supported_concordant;unresolved	ismapper:IS481@1099682-1099688:F; panisa:IS481@1099683-1099688:NA	ismapper:IS481@1099682-1099688:F; panisa:IS481@1099683-1099688:NA	origin_0001;origin_0002;origin_0002;origin_0003;origin_0005;origin_0005;origin_0006;origin_0007;origin_0008;origin_0009;origin_0010	dominant_1043bp_architecture	read_level_tsd_recovered;dominant_1043bp_architecture
prn_evt_other_disruption__insertion_like__gap1042	Other disruptions	10	2	2013	2022	1042	+	read_backed_targeted_validation	read_backed_supported	read_reference	1099682	1099688	target_site_duplication_recovered	ACTAGG	NNNGAAGAN	NNAGTTCACA	1 TGTGAA -- TTCACA -1	30	4	30	7	supported_candidate;supported_concordant;unresolved	ismapper:IS481@1099682-1099688:F; panisa:IS481@1099683-1099688:NA	ismapper:IS481@1099682-1099688:F; panisa:IS481@1099683-1099688:NA			read_level_tsd_recovered
prn_evt_coding_disrupted_is481__is481__gap1042	IS481 insertion	7	1	2018	2019	1042	+	public_longread_or_hybrid_assembly	public_longread_or_hybrid_assembly	read_reference	1099688	1099808	read_interval_without_tsd							0	1	supported_candidate	GCA_027271095.1::PacBio Sequel II; Illumina MiSeq	GCA_027271095.1::PacBio Sequel II; Illumina MiSeq			read_interval_recovered_without_tsd
prn_evt_other_disruption__insertion_like__gap1041	Other disruptions	4	1	2018	2019	1041	+	read_backed_targeted_validation	read_backed_supported	read_reference	1096735	1097761	target_site_duplication_recovered	ACTAGG	TGNGAAGAT	NGTTCACA	1 TGTGAA -- TTCACA -1	12	2	12	4	supported_candidate;supported_concordant	ismapper:IS1663@1096735-1097761:F; ismapper:IS481@1099682-1099688:F; panisa:IS481@1099683-1099688:NA	ismapper:IS1663@1096735-1097761:F; ismapper:IS481@1099682-1099688:F; panisa:IS481@1099683-1099688:NA			read_level_tsd_recovered
prn_evt_coding_disrupted_is481__is481__gap1041	IS481 insertion	3	1	2012	2012	1041	-	public_longread_or_hybrid_assembly	public_longread_or_hybrid_assembly	example_assembly	1082127	1083167	assembly_coordinate_only										GCA_022407095.1::Oxford Nanopore; Illumina	GCA_022407095.1::Oxford Nanopore; Illumina			public_longread_or_hybrid_anchor_without_read_junction
prn_evt_other_disruption__insertion_like__gap1040	Other disruptions	3	2	2015	2018	1040	+	read_backed_targeted_validation	read_backed_supported	read_reference	1099683	1099688	target_site_duplication_recovered	ACTAGG	TGTGAAGAT	GGTTCACA	1 TGTGAA -- TTCACA -1	8	1	8	2	no_prn_is_signal_detected;supported;supported_candidate	panisa:IS481@1099683-1099688:NA	panisa:IS481@1099683-1099688:NA			read_level_tsd_recovered
prn_evt_coding_disrupted_is481__is481__gap1045	IS481 insertion	1	0			1045	-	assembly_only	assembly_only	example_assembly	77989	79033	assembly_coordinate_only												origin_0005	origin_linked_event	assembly_only_without_public_read_junction;origin_linked_event
prn_evt_other_disruption__insertion_like__gap1045	Other disruptions	1	1	2022	2022	1045	-	read_validation_unresolved	read_validation_unresolved	example_assembly	1416127	1417171	assembly_coordinate_only							0	0	unresolved					targeted_validation_pending_or_unresolved
prn_evt_other_disruption__insertion_like__gap1044	Other disruptions	1	1	2022	2022	1044	-	read_validation_unresolved	read_validation_unresolved	example_assembly	1416083	1417126	assembly_coordinate_only							0	0	unresolved					targeted_validation_pending_or_unresolved
prn_evt_other_disruption__insertion_like__gap204	Other disruptions	1	0			204	-	assembly_only	assembly_only	example_assembly	17728	17931	assembly_coordinate_only												origin_0005	origin_linked_event	assembly_only_without_public_read_junction;origin_linked_event
prn_evt_coding_disrupted_is481__is481__gap54	IS481 insertion	1	0			54	-	assembly_only	assembly_only	example_assembly	257	310	assembly_coordinate_only												origin_0005	origin_linked_event	assembly_only_without_public_read_junction;origin_linked_event
